-- MySQL dump 10.13  Distrib 8.0.11, for Win64 (x86_64)
--
-- Host: localhost    Database: awstest
-- ------------------------------------------------------
-- Server version	8.0.11

/*!40101 SET @OLD_CHARACTER_SET_CLIENT=@@CHARACTER_SET_CLIENT */;
/*!40101 SET @OLD_CHARACTER_SET_RESULTS=@@CHARACTER_SET_RESULTS */;
/*!40101 SET @OLD_COLLATION_CONNECTION=@@COLLATION_CONNECTION */;
 SET NAMES utf8mb4 ;
/*!40103 SET @OLD_TIME_ZONE=@@TIME_ZONE */;
/*!40103 SET TIME_ZONE='+00:00' */;
/*!40014 SET @OLD_UNIQUE_CHECKS=@@UNIQUE_CHECKS, UNIQUE_CHECKS=0 */;
/*!40014 SET @OLD_FOREIGN_KEY_CHECKS=@@FOREIGN_KEY_CHECKS, FOREIGN_KEY_CHECKS=0 */;
/*!40101 SET @OLD_SQL_MODE=@@SQL_MODE, SQL_MODE='NO_AUTO_VALUE_ON_ZERO' */;
/*!40111 SET @OLD_SQL_NOTES=@@SQL_NOTES, SQL_NOTES=0 */;

--
-- Table structure for table `Detailinfos`
--

DROP TABLE IF EXISTS `Detailinfos`;
/*!40101 SET @saved_cs_client     = @@character_set_client */;
 SET character_set_client = utf8mb4 ;
CREATE TABLE `Detailinfos` (
  `id` int(11) NOT NULL AUTO_INCREMENT,
  `description` text CHARACTER SET utf8mb4 COLLATE utf8mb4_general_ci NOT NULL,
  `location` varchar(100) CHARACTER SET utf8mb4 COLLATE utf8mb4_general_ci NOT NULL,
  `phonenumber` varchar(50) CHARACTER SET utf8mb4 COLLATE utf8mb4_general_ci NOT NULL,
  `weekday` varchar(200) CHARACTER SET utf8mb4 COLLATE utf8mb4_general_ci NOT NULL,
  `weekend` varchar(200) CHARACTER SET utf8mb4 COLLATE utf8mb4_general_ci NOT NULL,
  `createdAt` datetime NOT NULL,
  `updatedAt` datetime NOT NULL,
  `RestaurantId` int(11) DEFAULT NULL,
  PRIMARY KEY (`id`),
  KEY `RestaurantId` (`RestaurantId`),
  CONSTRAINT `Detailinfos_ibfk_1` FOREIGN KEY (`RestaurantId`) REFERENCES `Restaurants` (`id`) ON DELETE SET NULL ON UPDATE CASCADE
) ENGINE=InnoDB AUTO_INCREMENT=27 DEFAULT CHARSET=utf8mb4 COLLATE=utf8mb4_general_ci;
/*!40101 SET character_set_client = @saved_cs_client */;

--
-- Dumping data for table `Detailinfos`
--

LOCK TABLES `Detailinfos` WRITE;
/*!40000 ALTER TABLE `Detailinfos` DISABLE KEYS */;
INSERT INTO `Detailinfos` VALUES (1,'서울 일식 레스토랑의 품격과 수준을 한 단계 높였다는 평가를 받고 있는 코지마. 이곳은 최고의 식재료를 찾기 위해 끊임없이 노력하는 박경재셰프의 정성과 그 식재료를 최상의 상태로 고객에게 제공하려는 마음가짐이 그대로 전해지는 스시 전문점이다. 많은 애호가들에게 호평받는 이유도 바로 음식의 생명이라 할 수 있는 재료의 신선도와 셰프의 노련한 손맛을 느낄 수 있기 때문이다. 세련되고 모던한 일본 요릿집의 정서가 배어 있는 코지마에 들른다면 고급 스시의 진수를 맛볼 수 있을 것이다.','서울 강남구 압구정로60길 21','02-2056-1291','평일 12:00 - 22:00Lunch 12:00~14:30, Dinner 18:00~22:00','일요일 휴무 월요일 휴무매월 둘째,넷째 월요일 휴무','2020-06-10 09:09:11','2020-06-10 09:09:11',1),(2,'\'한식 문화\'의 전파라는 목적하에 광주요 그룹에서 운영하고 있는 가온. 여백의 미가 돋보이는 실내 공간, 광주요에서 특별 제작한 식기와 도자기, 그리고 김병진 셰프의 품격 있는 요리로 한식의 멋을 잘 보여준다. 보다 많은 사람들이 한식을 제대로 이해하고 한식에 대해 이야기할 수 있었으면 좋겠다는 셰프의 바람이 음식을 통해 고스란히 전해진다. 각종 모임이나 비즈니스에 적합한 별실을 비롯해 확장한 다이닝 홀은 손님들에게 편안한 식사 공간을 제공한다.','서울 강남구 도산대로 317','02-545-9845','매일 17:30 - 23:00','월요일, 일요일 휴무','2020-06-10 09:44:26','2020-06-10 09:44:26',2),(3,'늘 과감하고 창의적인 요리로 미식가들의 발길을 유혹하는 알라 프리마. 오픈된 주방이 한눈에 들어오는 넓은 카운터 테이블과 쾌적한 다이닝 홀, 그리고 프라이빗 다이닝 공간은 과거 협소한 공간에서 비롯되었던 제약들을 훌륭하게 개선했다. 재료를 생명으로 여기는 김진혁 셰프의 요리는 깔끔한 소스, 맛의 밸런스, 그리고 계절 식재료들의 향연이라 할 수 있다. 와인뿐만 아니라 사케와도 잘 어울리는 김 셰프의 모던 퀴진을 경험하려면 예약은 필수다.','서울 강남구 학동로17길 13','02-511-2555','평일: 12:00 - 22:00  Break time : 14:30 - 18:00','토요일 12:00 - 22:00  Break time :  14:30 - 18:00','2020-06-11 04:25:47','2020-06-11 04:25:47',3),(4,'품격 있는 한식 정찬을 선보이는 라연은 전통 한식을 현대적인 조리법으로 세련되게 표현해낸다. 전망 좋은 신라호텔 23층에 자리해 시원한 남산 경관을 감상할 수 있는 이곳은 한국의 전통 문양을 활용한 기품 있는 인테리어가 인상적이다. 우아하고 편안한 식사 경험을 제공하기 위해 구비한 고급 식기와 백자를 형상화한 그릇은 레스토랑이 지향하는 또 다른 차원의 섬세함을 잘 드러낸다. 현대적으로 재해석한 메뉴에 와인을 조합해 즐길 수 있으며, 요구하지 않아도 세심한 배려가 돋보이는 서비스는 이곳의 또 다른 매력이다.','서울 중구 동호로 249','02-2230-3367','매일 12:00 - 14:30   Break Time:  14:30 - 18:00','매일 Dinner : 18:00 - 22:00','2020-06-11 04:34:07','2020-06-11 04:34:07',4),(5,'\'전문 조리사\'를 뜻하는 \'숙수\'에서 착안해 이름 지은 \'권숙수\'는 권우중 셰프의 한식 레스토랑이다. 이곳에선 한식의 기본 맛을 좌우하는 장, 젓갈, 식초 등을 직접 담가 사용하는데, 이러한 정성이 권숙수만의 기품 있는 요리를 완성한다. 제철 식재료 중에서도 좀 더 진귀한 재료를 선별하고, 흔한 식재료일지라도 창의적인 조합을 통해 새로운 요리로 탄생시키는 권 셰프의 노력과 열정을 곳곳에서 발견할 수 있다. 좋은 음식을 위해서라면 일절 타협하지 않는 \'숙수\'의 고집이 고스란히 녹아 있는 이곳에서 한식의 깊은 맛을 느껴보길.','서울 강남구 압구정로80길 37','02-542-6268','매일 12:00 - 22:30  Break time : 15:00~18:00','일요일 휴무 설날, 추석 휴무','2020-06-11 04:42:33','2020-06-11 04:42:33',5),(6,'다양한 문화가 공존하는 샌프란시스코에서 보여주었던 음식과 차별화된 다양성을 선보이는 한남동 모수. 안성재 셰프는 재료의 섬세한 뉘앙스를 감각적으로 표현해내는 장기를 지니고 있다. 1스타 모수 샌프란시스코에서 선보였던 우엉 메뉴는 어머니가 만들어주시던 반찬에서 영감을 얻은 요리로, 얇게 깎은 우엉에 시럽을 발라 말리는 과정을 수차례 반복해 바삭한 식감을 자랑한다. 섬세하고 단아한 이곳의 요리와 잘 어울리는 와인 페어링 또한 근사한 다이닝 경험을 선사할 것이다.','서울 용산구 이태원로55가길 45','02-793-5995','매일 12:00 - 15:00 라스트 오더: 13:00,  18:00 - 23:00  라스트 오더 : 20:00','일요일, 월요일 휴무','2020-06-11 04:48:55','2020-06-11 04:48:55',6),(7,'밍글스는 한국의 장, 발표초, 다양한 허브와 재철 식재료를 활용하여 한식을 기본으로 한 아시안 창작요리를 선보이는 공간입니다. \'서로 다른 것끼리 조화롭게 어우르다\'라는 mingle의 의미처럼 저희들의 다양한 경험을 어울어 우리 음식도 서양식 이상으로 충분히 멋스럽다는 것을 알리고 싶습니다. 밍글스에서의 식사를 통해 출신, 성별, 인종, 나이를 떠나 모두가 즐겁고 행복한 경험을 하시길 바랍니다.','서울 강남구 도산대로67길 19','02-515-7306','매일 12:00 - 22:30','Break time 15:00~18:00','2020-06-11 05:01:52','2020-06-11 05:01:52',7),(8,'뉴욕에서 오랜 시간 프렌치 요리의 진수를 연마해온 서현민 셰프. 그는 자신만의 요리를 만들고 싶었고, 그 답을 찾기 위한 여정을 모국인 한국에서 시작했다. \'임프레션\'의 요리에는 발효와 숙성에 대한 서현민 셰프의 끊임없는 고민과 연구, 그리고 경험이 고스란히 담겨 있다. 계절의 변화를 느낄 수 있는 도심 속 공원의 아름다운 풍경은 동양적 감각이 깃든 모던한 다이닝 공간과 어우러지면서 아늑한 느낌을 자아낸다. 식사의 시작부터 끝까지 이어지는 섬세한 서비스와 셰프의 감각적인 요리가 수준 높은 다이닝 경험을 제공한다. 본질을 지키면서 다양한 경계를 넘나드는 요리를 통해 서현민 셰프만의 색채를 느껴 보자.','서울 강남구 언주로164길','02-6925-5522','평일 12:00 - 22:00  Break Time - 15:00 ~ 18:00','주말 12:00 - 22:00   Break Time - 15:00 ~ 18:00','2020-06-11 05:10:35','2020-06-11 05:10:35',8),(9,'정식당은 서울과 뉴욕을 기반으로 현대적이고 독창적인 새로운 한식을 선보이고 있습니다.\n임정식 셰프는 전통한식의 친숙한 한식재료를 이용하여 획기적으로 재탄생시킨 뉴코리안이라는 새로운 장르를 만들었습니다. \n뉴코리안 파인다이닝은 한국과 더불어 파인다이닝 업계의 메카인 뉴욕에서도 사랑받는 새로운 음식 문화입니다.','서울 강남구 선릉로158길 11','02-517-4654','평일 12:00 - 15:00 (Last Order 14:00) Break Time -  15:00 - 17:30  17:30 - 22:30  Dinner (Last Order 20:30)','주말 11:00 - 17:00  Lunch (Last Order 15:00) 주말 17:30 - 00:00  Dinner (Last Order 21:00)','2020-06-11 05:38:45','2020-06-11 05:38:45',9),(10,'여의도 전경련 회관 50층에 위치한 곳간. 사대부 음식의 명맥을 이어가는 곳으로 제철 식재료와 전통 조리법에 충실한 한식의 기품있는 맛과 멋을 선보인다. 50층에서 내려다보는 서울 전경을 즐기면서 사계절의 정성이 담긴 요리를 즐길 수 있다. 스카이팜 내에 조용히 자리잡고 있어 예약 시 위치 확인이 필수다. 내부는 별실로 구성되어 있어 각종 모임에 적합하다. 김창기 셰프의 정성과 세심함이 돋보이는 한상 차림을 맛보고 싶다면 꼭 한번 들러볼 것을 권한다.','서울 영등포구 여의대로 24','02-2055-4447','휴점','..','2020-06-11 05:42:45','2020-06-11 05:42:45',10),(11,'\'아키라 백\'이라는 이름으로 널리 알려진 백승욱 셰프의 레스토랑 도사. \'달인\'의 의미가 느껴지는 레스토랑 이름에서 백 셰프의 자신감이 묻어난다. 미국에서는 일식으로 자신의 요리 세계를 펼쳐 보이고 있지만, 그의 서울 레스토랑에선 한식을 기반으로 한 현대적이고 창의적인 요리를 선보인다. 때문에 요리 하나하나에 한식의 풍미를 더하려는 셰프의 정성과 감각이 엿보인다. 무채색의 모던한 레스토랑 공간과 요리사들의 역동적인 모습이 훤히 들여다보이는 오픈 주방 풍경도 재미있는 요소다.','서울 강남구 도산대로67길 7','02-516-3672','매일 12:00 - 15:00 Last order 13:00  매일 18:00 - 22:00  Last order 20:20','일요일, 월요일 휴무','2020-06-11 05:44:36','2020-06-11 05:44:36',11),(12,'스페인어로 \'땅\'을 의미하는 \'떼레노\'는 자연주의 요리를 지향하는 신승환 셰프와 사회 취약 계층의 자립을 돕는 오요리 아시아 이지혜 대표와의 합작으로 탄생한 북촌의 스페인 요리 전문점이다. 자연의 맛을 최대한 전달하기 위해 직접 재배한 채소와 허브를 사용하는 것을 원칙으로 하는 신 셰프는 좋은 식재료와 해외에서 쌓은 다양한 경험으로 맛있는 한 끼를 제공한다. 셰프 추천 요리로는 염장해 말린 대구를 물에 불려 사용하는 촉촉한 바칼라오 요리와 랍스터 성게알 파에야가 있다.','서울 종로구 북촌로 71','02-332-5525','매일 12:00 - 22:00  Break Time - 15:00-18:00','월요일 휴무','2020-06-11 05:49:39','2020-06-11 05:49:39',12),(13,'유랑을 하듯 다양한 경험을 쌓아온 장진모 셰프의 모던 한식 다이닝을 만날 수 있는 공간. 장진모 셰프는 자신의 개성과 창의성에 새로운 영감까지 더해 한층 날카롭고 감각적인 풍미의 음식 조합으로 하나둘 이야기를 풀어 낸다. 요리에 대한 뚜렷한 주관을 바탕으로 평범함 속에서 새로움을 찾아 내려는 셰프의 노력이 돋보이는 곳. 정체함 없이 전진하는 그의 발걸음을 기대해 본다.','서울 강남구 학동로53길 20','02-515-8088','매일 12:00 - 24:00  Break time - 15:00~17:50','월요일 휴무','2020-06-11 05:53:22','2020-06-11 05:53:22',13),(14,'남아프리카 공화국 방언으로 \'참나무\'를 뜻하는 \'무오키\'는 박무현 셰프의 우직한 성격을 그대로 반영한 곳이다. 세계 다양한 지역에서 요리 경험을 쌓은 박 셰프는 본인만의 스타일을 녹여낸 음식을 제공하고자 이곳을 오픈했다. 새로운 조리법으로 뻔하지 않은 맛과 질감의 조화를 표현해내는 것을 즐기는 그의 메뉴엔 재료에 대한 깊은 이해 없인 만들 수 없는 재미있는 요리들이 포함되어 있다. 7가지 방법으로 조리한 토마토, 5가지 방식으로 만든 당근 디저트, 그리고 제주식 갈치 호박국을 자신만의 방식으로 재해석한 요리 등이 그러한 예다. 그의 요리 세계가 궁금하다면 예약 후 들러볼 것.','서울 강남구 학동로55길 12-12','010-2948-4171','매일 12:00 - 22:00  Break Time - 15:00 - 18:00','일요일 휴무','2020-06-11 05:57:21','2020-06-11 05:57:21',14),(15,'2017년 4월, 롯데월드타워 시그니엘 서울 81층으로 이전한 비채나에선 새로운 인테리어와 변화된 메뉴를 통해 한층 업그레이드된 한식 다이닝을 선보인다. 비채나의 차별화된 맛은 시간과 정성이 깃든 장과 김치 등 가장 기본적인 것에서부터 시작된다. 모던하면서도 전통에 충실하며 고급스러운 메뉴에선 한식에 대한 셰프의 철학을 엿볼 수 있다. 여기에 전 세계에서 가장 높은 층에 위치한 한식 레스토랑에서 바라보는 서울 전경은 또 다른 즐거움이다.','서울 송파구 올림픽로 300','02-3213-1260','매일 10:00 - 21:00 , 예약 가능시간 11:30 - 14:30','DINNER : 18:00 - 22:00','2020-06-11 06:00:02','2020-06-11 06:00:02',15),(16,'\'Contemporary Cuisine of Seoul\'이라는 슬로건 아래 이준 셰프와 그의 팀이 선사하는 창의적인 요리를 만날 수 있는 스와니예. 전 세계 음식으로부터 영감을 얻은 요리를 선보이지만, 기본 바탕은 한국적인 것이 특징이다. 바 형태의 좌석에 앉아 셰프들의 서빙을 받으며 교감할 수 있는 것도 이곳의 남다른 즐거움이다. 주기적으로 바뀌는 메뉴를 \'에피소드\'라고 표현하는데, 고유한 주제의 각 에피소드는 마치 기승전결이 있는 한 편의 시를 감상하는 듯하다. 또한 각 에피소드에 맞는 와인 페어링도 세심하게 준비되어 있다.','서울 서초구 반포동 549-17','02-3477-9386','매일 12:00 - 15:00,   18:00 - 22:30','명절 당일 휴무','2020-06-11 06:02:10','2020-06-11 06:02:10',16),(17,'옐로와 골드 컬러로 포인트를 준 경쾌하고 모던한 인테리어, 전 좌석에서 감상할 수 있는 서울의 화려한 스카이라인. 시그니엘 81층에 위치한 STAY는 프렌치 파인 다이닝의 진수를 보여주는 세계적인 명성의 셰프, 야닉 알레노의 모던 프렌치 레스토랑이다. 이곳에선 수준 높은 요리를 편안한 분위기에서 즐길 수 있는데, 매주 새로운 요리를 하나씩 소개하며 계절마다 새로운 메뉴를 선보인다. 또한 레스토랑 중앙에 자리한 페이스트리 라이브러리에선 프렌치 요리의 피날레를 장식하는 디저트를 다양하게 즐길 수 있다.','서울 송파구 올림픽로 300','02-3213-1231','매일 아침 - 06:30 - 10:00 ,  점심 - 11:30 - 14:30','저녁 -  18:00 - 22:00','2020-06-11 06:06:31','2020-06-11 06:06:31',17),(18,'전 세계를 유랑하며 식재료를 탐구하고 요리와 팝업 경험을 쌓아온 호주 출신 요리사가 선보이는 한식의 맛은 어떨까? 한국의 식재료에 매료되어 서울에 정착했다는 조셉 리저우드 셰프에게 흔하고 식상한 재료란 존재하지 않는다. 한국인에게 익숙한 우렁이를 퓌레처럼 부드럽게 갈아 크림소스와 함께 깻잎에 올려 내는 \'우렁이\'나 직접 채취한 야생 버섯으로 만든 아이스크림 등 \'에빗\'의 메뉴는 리저우드만의 색다른 시각으로 재해석된 창의적인 요리로 가득하다. 식재료의 조리법에 대한 고정관념에서 벗어나고자 노력한다는 그의 요리는 정교하게 구성된 전통주 페어링과 함께할 때 더욱더 빛을 발한다.','서울 강남구 도곡로23길 33','070-4231-1022','목,금,토 - 18:00 - 23:00, Break Time - 15:00 ~ 18:00','일요일 12:00 - 23:00  Break Time -  15:00 ~ 18:00','2020-06-11 06:09:00','2020-06-11 06:09:00',18),(19,'장경원 셰프의 익스퀴진. 최대한 한국적인 재료를 사용하고 재료 각각의 개성에 초점을 맞춰 새로운 한식의 맛을 창조하고자 하는 셰프의 실험 정신이 그의 요리에 그대로 묻어난다. 레스토랑 내에서 직접 재배한 허브와 산지 직거래로 공급받는 싱싱한 재료로 만든 음식을 합리적인 가격에 제공한다. 점심 코스 메뉴와 저녁 코스 메뉴가 한 가지씩 준비되어 있고, 식재료나 주방 사정에 따라 메뉴가 수시로 변경된다. 공간이 아담한 만큼 예약은 필수다.','서울 강남구 삼성로140길 6','02-542-6921','매일 점심 - 12:00 - 15:00','저녁 - 18:00 - 22:00','2020-06-11 06:10:43','2020-06-11 06:10:43',19),(20,'시간이 지날수록 제로 컴플렉스의 요리는 뚜렷한 색깔을 뽐낸다. 맛의 조화와 균형을 가장 중요시하는 이충후 셰프의 접근법은 개성 있고 창의적인 요리로 이어진다. 백지처럼 깨끗한 레스토랑의 인테리어도 이곳 음식의 한몫을 담당한다. 레스토랑 건물 앞에 온실을 만들어 각종 허브와 채소를 재배하는 정성과 재료 본연의 맛을 최대한 살리기 위해 활용하는 조리법에서 그의 고집스러운 요리 세계를 엿볼 수 있다. 내추럴 와인에 집중하는 소믈리에의 페어링 또한 이곳의 음식과 결을 함께한다.','서울 중구 퇴계로6가길 30','02-532-0876','매일 12:00 - 22:30  Break time - 15:30~18:00','월요일 휴무','2020-06-11 06:12:30','2020-06-11 06:12:30',20),(21,'구슬과 옥 같은 귀한 요리를 선보이고자 하는 신창호 셰프의 마음이 담긴 \'주옥\'. 시대의 흐름과 수요에 따라 한식의 모습은 진화하지만 장(醬)과 초(醋)처럼 오랜 전통을 가진 발효 문화는 쉽게 변하지 않는다. 주옥이 선보이는 음식의 출발점은 바로 직접 담가 발효시킨 30여 가지의 초와 장이다. 전국을 돌며 직접 조달한 식재료, 그리고 진주의 가족 텃밭에서 손수 재배해 짠 들깨 기름 등에서 손님을 극진히 대접하고자 하는 신창호 셰프의 정성을 느낄 수 있다. 더 플라자 호텔 3층에 위치한 주옥의 새로운 공간에서 역동적인 서울 시내의 정취를 물씬 느껴보자.','서울 중구 소공로 119','010-4461-1193','매일 12:00 - 15:00,  18:30 - 22:30','월요일 휴무','2020-06-11 06:14:12','2020-06-11 06:14:12',21),(22,'세련되고 섬세한 플레이팅이 돋보이는 김성운 셰프의 테이블 포 포(Table for Four)는 \'4명을 위한 식탁\'을 의미하는 예약제 파인 다이닝 레스토랑이다. 이곳에선 김 셰프의 고향인 충남 태안에서 조달하는 자연산 해산물을 이용한 제철 코스를 선보인다. 먼저, 세련되고 아름다운 비주얼의 담음새로 먹기 전 시각을 충족시키고, 식재료 본연의 맛을 온전히 보여주는 요리로 먹는 이들의 미각을 만족시키는 것. 편안한 공간에 마련된 아담한 별실에서 식사하고 싶다면 미리 예약하는 것이 좋다.','서울 서초구 사평대로14길 11','02-3478-0717','매일 12:00 - 22:00,  Break Time - 15:00~18:00','명절 휴무','2020-06-11 06:16:24','2020-06-11 06:16:24',22),(23,'품격 있는 반가 음식을 현대적으로 재해석한 요리를 선보이는 노영희 셰프의 품. 남산 소월길에 자리한 이곳은 사전 예약제로 운영하며, 당일 공급받은 최고의 식재료로 만든 음식을 제공하는데, 제철 식재료에 따라 메뉴를 달리 구성한다. 한국 전통의 맛이지만, 여느 서양 음식보다 세련미 넘치는 담음새, 내오는 음식의 순서에 따라 달라지는 맛의 오묘한 조화로 요리의 풍미에 고스란히 집중할 수 있게 한다. 서울 시내가 내려다보이는 창가에 앉아 느긋한 식사를 즐겨보길 권한다.','서울 용산구 두텁바위로60길 49','02-777-9007','매일 12:00 - 22:00','일요일 휴무','2020-06-11 06:17:30','2020-06-11 06:17:30',23),(24,'소공동 롯데 호텔 신관 최상층에 위치한 이곳은 프랑스 파리 출신의 세계적인 셰프 피에르 가니에르가 2008년 오픈한 프렌치 파인 다이닝 레스토랑이다. 고급 인테리어와 우아한 다이닝 공간을 자랑하는 이곳은 피에르 가니에르 셰프의 팀이 한국의 식재료를 바탕으로 만들어 내는 모던한 프랑스 요리를 선보이고 있다. 250여 종 이상의 고급 와인이 준비되어 있는 유리 와인 저장고와 모든 룸에서 내려다보이는 멋진 도심 경관은 시각적 즐거움도 충족시켜 준다. 정중하고 전문적인 서비스도 매력적이다.','서울 중구 을지로 30','02-317-7181','매일 12:00 - 22:00','Break Time - 15:00-18:00','2020-06-11 06:18:51','2020-06-11 06:18:51',24),(25,'창덕궁이 내려다보이는 아트 갤러리 아라리오 4층에 위치한 한식공간. 이곳에선 자타 공인 \'한식의 대모\'라 할 수 있는 조희숙 셰프와 정경일 셰프의 정성 가득한 한식을 맛볼 수 있다. 조 셰프는 오랜 세월에 걸쳐 축적된 노하우의 계승과 한식의 현대적 구현을 목표로 메뉴에 대한 전반적인 감독과 연출을 총괄하고 있다. 그 결과는 끊임없는 메뉴 개발과 연구의 결실로 대중에게 익숙한 요소와 잊혀져 가는 전통의 것을 시대 흐름에 맞게 표현한 맛의 향연이다. 한식의 맛과 멋을 한껏 즐길 수 있는 공간이다.','서울 종로구 율곡로 83','02-747-8104','평일 12:00 - 22:00,  Break Time -15:00~18:00','일요일, 월요일 휴무','2020-06-11 06:20:46','2020-06-11 06:20:46',25),(26,'test1111','www','1234','12~13','14~15','2022-03-22 15:16:41','2022-03-22 15:16:41',26);
/*!40000 ALTER TABLE `Detailinfos` ENABLE KEYS */;
UNLOCK TABLES;

--
-- Table structure for table `Images`
--

DROP TABLE IF EXISTS `Images`;
/*!40101 SET @saved_cs_client     = @@character_set_client */;
 SET character_set_client = utf8mb4 ;
CREATE TABLE `Images` (
  `id` int(11) NOT NULL AUTO_INCREMENT,
  `src` varchar(100) NOT NULL,
  `createdAt` datetime NOT NULL,
  `updatedAt` datetime NOT NULL,
  `RestaurantId` int(11) DEFAULT NULL,
  PRIMARY KEY (`id`),
  KEY `RestaurantId` (`RestaurantId`),
  CONSTRAINT `Images_ibfk_1` FOREIGN KEY (`RestaurantId`) REFERENCES `Restaurants` (`id`) ON DELETE SET NULL ON UPDATE CASCADE
) ENGINE=InnoDB AUTO_INCREMENT=258 DEFAULT CHARSET=utf8;
/*!40101 SET character_set_client = @saved_cs_client */;

--
-- Dumping data for table `Images`
--

LOCK TABLES `Images` WRITE;
/*!40000 ALTER TABLE `Images` DISABLE KEYS */;
INSERT INTO `Images` VALUES (1,'K-0011591780148639.jpg','2020-06-10 09:09:11','2020-06-10 09:09:11',1),(2,'K-0021591780148641.jpg','2020-06-10 09:09:11','2020-06-10 09:09:11',1),(3,'K-0031591780148642.jpg','2020-06-10 09:09:11','2020-06-10 09:09:11',1),(4,'K-0041591780148642.jpg','2020-06-10 09:09:11','2020-06-10 09:09:11',1),(5,'K-0051591780148643.jpg','2020-06-10 09:09:11','2020-06-10 09:09:11',1),(6,'K-0061591780148643.jpg','2020-06-10 09:09:11','2020-06-10 09:09:11',1),(7,'K-0071591780148644.jpg','2020-06-10 09:09:11','2020-06-10 09:09:11',1),(8,'K-0081591780148644.jpg','2020-06-10 09:09:11','2020-06-10 09:09:11',1),(9,'K-0091591780148645.jpg','2020-06-10 09:09:11','2020-06-10 09:09:11',1),(10,'K-0101591780148645.jpg','2020-06-10 09:09:11','2020-06-10 09:09:11',1),(11,'K-0111591780148646.jpg','2020-06-10 09:09:11','2020-06-10 09:09:11',1),(12,'K-0011591782264616.jpg','2020-06-10 09:44:26','2020-06-10 09:44:26',2),(13,'K-0021591782264617.jpg','2020-06-10 09:44:26','2020-06-10 09:44:26',2),(14,'K-0031591782264617.jpg','2020-06-10 09:44:26','2020-06-10 09:44:26',2),(15,'K-0041591782264617.jpg','2020-06-10 09:44:26','2020-06-10 09:44:26',2),(16,'K-0051591782264618.jpg','2020-06-10 09:44:26','2020-06-10 09:44:26',2),(17,'K-0011591849543734.jpg','2020-06-11 04:25:47','2020-06-11 04:25:47',3),(18,'K-0031591849543735.jpg','2020-06-11 04:25:47','2020-06-11 04:25:47',3),(19,'K-0041591849543735.jpg','2020-06-11 04:25:47','2020-06-11 04:25:47',3),(20,'K-0061591849543737.jpg','2020-06-11 04:25:47','2020-06-11 04:25:47',3),(21,'K-0071591849543737.jpg','2020-06-11 04:25:47','2020-06-11 04:25:47',3),(22,'K-0081591849543737.jpg','2020-06-11 04:25:47','2020-06-11 04:25:47',3),(23,'K-0031591850044090.jpg','2020-06-11 04:34:07','2020-06-11 04:34:07',4),(24,'K-0041591850044091.jpg','2020-06-11 04:34:07','2020-06-11 04:34:07',4),(25,'K-0091591850044091.jpg','2020-06-11 04:34:07','2020-06-11 04:34:07',4),(26,'K-0111591850044092.jpg','2020-06-11 04:34:07','2020-06-11 04:34:07',4),(27,'K-0121591850044093.jpg','2020-06-11 04:34:07','2020-06-11 04:34:07',4),(28,'K-0131591850044093.jpg','2020-06-11 04:34:07','2020-06-11 04:34:07',4),(29,'K-0141591850044097.jpg','2020-06-11 04:34:07','2020-06-11 04:34:07',4),(30,'K-0151591850044097.jpg','2020-06-11 04:34:07','2020-06-11 04:34:07',4),(31,'K-0011591850491946.jpg','2020-06-11 04:42:33','2020-06-11 04:42:33',5),(32,'K-0031591850500962.jpg','2020-06-11 04:42:33','2020-06-11 04:42:33',5),(33,'K-0101591850500963.jpg','2020-06-11 04:42:33','2020-06-11 04:42:33',5),(34,'K-0111591850500963.jpg','2020-06-11 04:42:33','2020-06-11 04:42:33',5),(35,'K-0131591850500963.jpg','2020-06-11 04:42:33','2020-06-11 04:42:33',5),(36,'K-0161591850500964.jpg','2020-06-11 04:42:33','2020-06-11 04:42:33',5),(37,'K-0171591850500964.jpg','2020-06-11 04:42:33','2020-06-11 04:42:33',5),(38,'K-0181591850500964.jpg','2020-06-11 04:42:33','2020-06-11 04:42:33',5),(39,'K-0011591850932350.jpg','2020-06-11 04:48:55','2020-06-11 04:48:55',6),(40,'K-0021591850932350.jpg','2020-06-11 04:48:55','2020-06-11 04:48:55',6),(41,'K-0031591850932351.jpg','2020-06-11 04:48:55','2020-06-11 04:48:55',6),(42,'K-0041591850932352.jpg','2020-06-11 04:48:55','2020-06-11 04:48:55',6),(43,'K-0051591850932352.jpg','2020-06-11 04:48:55','2020-06-11 04:48:55',6),(44,'K-0061591850932352.jpg','2020-06-11 04:48:55','2020-06-11 04:48:55',6),(45,'K-0071591850932353.jpg','2020-06-11 04:48:55','2020-06-11 04:48:55',6),(46,'K-0081591850932353.jpg','2020-06-11 04:48:55','2020-06-11 04:48:55',6),(47,'K-0091591850932353.jpg','2020-06-11 04:48:55','2020-06-11 04:48:55',6),(48,'K-0101591850932354.jpg','2020-06-11 04:48:55','2020-06-11 04:48:55',6),(49,'K-0041591851706475.jpg','2020-06-11 05:01:52','2020-06-11 05:01:52',7),(50,'K-0051591851706476.jpg','2020-06-11 05:01:52','2020-06-11 05:01:52',7),(51,'K-0061591851706476.jpg','2020-06-11 05:01:52','2020-06-11 05:01:52',7),(52,'K-0071591851706478.jpg','2020-06-11 05:01:52','2020-06-11 05:01:52',7),(53,'K-0091591851706479.jpg','2020-06-11 05:01:52','2020-06-11 05:01:52',7),(54,'K-0081591851706478.jpg','2020-06-11 05:01:52','2020-06-11 05:01:52',7),(55,'K-0101591851706479.jpg','2020-06-11 05:01:52','2020-06-11 05:01:52',7),(56,'K-0011591852153971.jpg','2020-06-11 05:10:35','2020-06-11 05:10:35',8),(57,'K-0051591852153972.jpg','2020-06-11 05:10:35','2020-06-11 05:10:35',8),(58,'K-0061591852153973.jpg','2020-06-11 05:10:35','2020-06-11 05:10:35',8),(59,'K-0071591852153973.jpg','2020-06-11 05:10:35','2020-06-11 05:10:35',8),(60,'K-0081591852153974.jpg','2020-06-11 05:10:35','2020-06-11 05:10:35',8),(61,'K-0091591852153974.jpg','2020-06-11 05:10:35','2020-06-11 05:10:35',8),(62,'K-0101591852153974.jpg','2020-06-11 05:10:35','2020-06-11 05:10:35',8),(63,'K-0121591852153975.jpg','2020-06-11 05:10:35','2020-06-11 05:10:35',8),(64,'K-0131591852153975.jpg','2020-06-11 05:10:35','2020-06-11 05:10:35',8),(65,'K-0141591852153975.jpg','2020-06-11 05:10:35','2020-06-11 05:10:35',8),(66,'K-0161591852153976.jpg','2020-06-11 05:10:35','2020-06-11 05:10:35',8),(67,'K-0051591853677067.jpg','2020-06-11 05:38:45','2020-06-11 05:38:45',9),(68,'K-0061591853677067.jpg','2020-06-11 05:38:45','2020-06-11 05:38:45',9),(69,'K-0071591853677068.jpg','2020-06-11 05:38:45','2020-06-11 05:38:45',9),(70,'K-0081591853677068.jpg','2020-06-11 05:38:45','2020-06-11 05:38:45',9),(71,'K-0091591853677069.jpg','2020-06-11 05:38:45','2020-06-11 05:38:45',9),(72,'K-0101591853677069.jpg','2020-06-11 05:38:45','2020-06-11 05:38:45',9),(73,'K-0111591853677069.jpg','2020-06-11 05:38:45','2020-06-11 05:38:45',9),(74,'K-0121591853677070.jpg','2020-06-11 05:38:45','2020-06-11 05:38:45',9),(75,'K-0131591853677070.jpg','2020-06-11 05:38:45','2020-06-11 05:38:45',9),(76,'K-0011591854112723.jpg','2020-06-11 05:42:45','2020-06-11 05:42:45',10),(77,'K-0021591854112724.jpg','2020-06-11 05:42:45','2020-06-11 05:42:45',10),(78,'K-0031591854112724.jpg','2020-06-11 05:42:45','2020-06-11 05:42:45',10),(79,'K-0061591854112726.jpg','2020-06-11 05:42:45','2020-06-11 05:42:45',10),(80,'K-0041591854112725.jpg','2020-06-11 05:42:45','2020-06-11 05:42:45',10),(81,'K-0051591854112725.jpg','2020-06-11 05:42:45','2020-06-11 05:42:45',10),(82,'K-0071591854112726.jpg','2020-06-11 05:42:45','2020-06-11 05:42:45',10),(83,'K-0081591854112728.jpg','2020-06-11 05:42:45','2020-06-11 05:42:45',10),(84,'K-0091591854112728.jpg','2020-06-11 05:42:45','2020-06-11 05:42:45',10),(85,'K-0101591854112729.jpg','2020-06-11 05:42:45','2020-06-11 05:42:45',10),(86,'K-0111591854112729.jpg','2020-06-11 05:42:45','2020-06-11 05:42:45',10),(87,'K-0121591854112730.jpg','2020-06-11 05:42:45','2020-06-11 05:42:45',10),(88,'K-0131591854112730.jpg','2020-06-11 05:42:45','2020-06-11 05:42:45',10),(89,'K-0011591854213873.jpg','2020-06-11 05:44:36','2020-06-11 05:44:36',11),(90,'K-0021591854213874.jpg','2020-06-11 05:44:36','2020-06-11 05:44:36',11),(91,'K-0031591854213874.jpg','2020-06-11 05:44:36','2020-06-11 05:44:36',11),(92,'K-0041591854213874.jpg','2020-06-11 05:44:36','2020-06-11 05:44:36',11),(93,'K-0051591854213875.jpg','2020-06-11 05:44:36','2020-06-11 05:44:36',11),(94,'K-0061591854213875.jpg','2020-06-11 05:44:36','2020-06-11 05:44:36',11),(95,'K-0071591854213876.jpg','2020-06-11 05:44:36','2020-06-11 05:44:36',11),(96,'K-0081591854213876.jpg','2020-06-11 05:44:36','2020-06-11 05:44:36',11),(97,'K-0091591854213877.jpg','2020-06-11 05:44:36','2020-06-11 05:44:36',11),(98,'K-0101591854213877.jpg','2020-06-11 05:44:36','2020-06-11 05:44:36',11),(99,'K-0141591854213878.jpg','2020-06-11 05:44:36','2020-06-11 05:44:36',11),(100,'K-0011591854570452.jpg','2020-06-11 05:49:39','2020-06-11 05:49:39',12),(101,'K-0021591854570453.jpg','2020-06-11 05:49:39','2020-06-11 05:49:39',12),(102,'K-0031591854570453.jpg','2020-06-11 05:49:39','2020-06-11 05:49:39',12),(103,'K-0041591854570453.jpg','2020-06-11 05:49:39','2020-06-11 05:49:39',12),(104,'K-0061591854570455.jpg','2020-06-11 05:49:39','2020-06-11 05:49:39',12),(105,'K-0051591854570454.jpg','2020-06-11 05:49:39','2020-06-11 05:49:39',12),(106,'K-0071591854570455.jpg','2020-06-11 05:49:39','2020-06-11 05:49:39',12),(107,'K-0081591854570455.jpg','2020-06-11 05:49:39','2020-06-11 05:49:39',12),(108,'K-0091591854570456.jpg','2020-06-11 05:49:39','2020-06-11 05:49:39',12),(109,'K-0101591854570456.jpg','2020-06-11 05:49:39','2020-06-11 05:49:39',12),(110,'K-0111591854570457.jpg','2020-06-11 05:49:39','2020-06-11 05:49:39',12),(111,'K-0121591854570457.jpg','2020-06-11 05:49:39','2020-06-11 05:49:39',12),(112,'K-0011591854799379.jpg','2020-06-11 05:53:22','2020-06-11 05:53:22',13),(113,'K-0021591854799379.jpg','2020-06-11 05:53:22','2020-06-11 05:53:22',13),(114,'K-0031591854799379.jpg','2020-06-11 05:53:22','2020-06-11 05:53:22',13),(115,'K-0041591854799380.jpg','2020-06-11 05:53:22','2020-06-11 05:53:22',13),(116,'K-0051591854799380.jpg','2020-06-11 05:53:22','2020-06-11 05:53:22',13),(117,'K-0061591854799380.jpg','2020-06-11 05:53:22','2020-06-11 05:53:22',13),(118,'K-0071591854799381.jpg','2020-06-11 05:53:22','2020-06-11 05:53:22',13),(119,'K-0081591854799382.jpg','2020-06-11 05:53:22','2020-06-11 05:53:22',13),(120,'K-0091591854799382.jpg','2020-06-11 05:53:22','2020-06-11 05:53:22',13),(121,'K-0101591854799383.jpg','2020-06-11 05:53:22','2020-06-11 05:53:22',13),(122,'K-0111591854799383.jpg','2020-06-11 05:53:22','2020-06-11 05:53:22',13),(123,'K-0031591855006610.jpg','2020-06-11 05:57:21','2020-06-11 05:57:21',14),(124,'K-0041591855006611.jpg','2020-06-11 05:57:21','2020-06-11 05:57:21',14),(125,'K-0051591855006611.jpg','2020-06-11 05:57:21','2020-06-11 05:57:21',14),(126,'K-0061591855006612.jpg','2020-06-11 05:57:21','2020-06-11 05:57:21',14),(127,'K-0071591855006612.jpg','2020-06-11 05:57:21','2020-06-11 05:57:21',14),(128,'K-0081591855006613.jpg','2020-06-11 05:57:21','2020-06-11 05:57:21',14),(129,'K-0091591855006614.jpg','2020-06-11 05:57:21','2020-06-11 05:57:21',14),(130,'K-0101591855006615.jpg','2020-06-11 05:57:21','2020-06-11 05:57:21',14),(131,'K-0111591855006615.jpg','2020-06-11 05:57:21','2020-06-11 05:57:21',14),(132,'K-0121591855006615.jpg','2020-06-11 05:57:21','2020-06-11 05:57:21',14),(133,'K-0021591855187302.jpg','2020-06-11 06:00:03','2020-06-11 06:00:03',15),(134,'K-0031591855187302.jpg','2020-06-11 06:00:03','2020-06-11 06:00:03',15),(135,'K-0041591855187303.jpg','2020-06-11 06:00:03','2020-06-11 06:00:03',15),(136,'K-0051591855187303.jpg','2020-06-11 06:00:03','2020-06-11 06:00:03',15),(137,'K-0071591855187304.jpg','2020-06-11 06:00:03','2020-06-11 06:00:03',15),(138,'K-0061591855187303.jpg','2020-06-11 06:00:03','2020-06-11 06:00:03',15),(139,'K-0081591855187304.jpg','2020-06-11 06:00:03','2020-06-11 06:00:03',15),(140,'K-0091591855187305.jpg','2020-06-11 06:00:03','2020-06-11 06:00:03',15),(141,'K-0101591855187306.jpg','2020-06-11 06:00:03','2020-06-11 06:00:03',15),(142,'K-0111591855187306.jpg','2020-06-11 06:00:03','2020-06-11 06:00:03',15),(143,'K-0121591855187307.jpg','2020-06-11 06:00:03','2020-06-11 06:00:03',15),(144,'K-0131591855187308.jpg','2020-06-11 06:00:03','2020-06-11 06:00:03',15),(145,'K-0151591855187308.jpg','2020-06-11 06:00:03','2020-06-11 06:00:03',15),(146,'K-0161591855187309.jpg','2020-06-11 06:00:03','2020-06-11 06:00:03',15),(147,'K-0011591855320636.jpg','2020-06-11 06:02:10','2020-06-11 06:02:10',16),(148,'K-0021591855320636.jpg','2020-06-11 06:02:10','2020-06-11 06:02:10',16),(149,'K-0031591855320636.jpg','2020-06-11 06:02:10','2020-06-11 06:02:10',16),(150,'K-0041591855320637.jpg','2020-06-11 06:02:10','2020-06-11 06:02:10',16),(151,'K-0051591855320637.jpg','2020-06-11 06:02:10','2020-06-11 06:02:10',16),(152,'K-0061591855320638.jpg','2020-06-11 06:02:10','2020-06-11 06:02:10',16),(153,'K-0071591855320638.jpg','2020-06-11 06:02:10','2020-06-11 06:02:10',16),(154,'K-0081591855320639.jpg','2020-06-11 06:02:10','2020-06-11 06:02:10',16),(155,'K-0091591855320639.jpg','2020-06-11 06:02:10','2020-06-11 06:02:10',16),(156,'K-0101591855320640.jpg','2020-06-11 06:02:10','2020-06-11 06:02:10',16),(157,'K-0111591855320641.jpg','2020-06-11 06:02:10','2020-06-11 06:02:10',16),(158,'K-0121591855320641.jpg','2020-06-11 06:02:10','2020-06-11 06:02:10',16),(159,'K-0031591855589900.jpg','2020-06-11 06:06:31','2020-06-11 06:06:31',17),(160,'K-0041591855589901.jpg','2020-06-11 06:06:31','2020-06-11 06:06:31',17),(161,'K-0051591855589901.jpg','2020-06-11 06:06:31','2020-06-11 06:06:31',17),(162,'K-0061591855589902.jpg','2020-06-11 06:06:31','2020-06-11 06:06:31',17),(163,'K-0071591855589902.jpg','2020-06-11 06:06:31','2020-06-11 06:06:31',17),(164,'K-0081591855589903.jpg','2020-06-11 06:06:31','2020-06-11 06:06:31',17),(165,'K-0091591855589903.jpg','2020-06-11 06:06:31','2020-06-11 06:06:31',17),(166,'K-0101591855589903.jpg','2020-06-11 06:06:31','2020-06-11 06:06:31',17),(167,'K-0111591855589904.jpg','2020-06-11 06:06:31','2020-06-11 06:06:31',17),(168,'K-0121591855589904.jpg','2020-06-11 06:06:31','2020-06-11 06:06:31',17),(169,'K-0131591855589905.jpg','2020-06-11 06:06:31','2020-06-11 06:06:31',17),(170,'K-0011591855737716.jpg','2020-06-11 06:09:00','2020-06-11 06:09:00',18),(171,'K-0021591855737716.jpg','2020-06-11 06:09:00','2020-06-11 06:09:00',18),(172,'K-0031591855737716.jpg','2020-06-11 06:09:00','2020-06-11 06:09:00',18),(173,'K-0041591855737717.jpg','2020-06-11 06:09:00','2020-06-11 06:09:00',18),(174,'K-0061591855737718.jpg','2020-06-11 06:09:00','2020-06-11 06:09:00',18),(175,'K-0051591855737717.jpg','2020-06-11 06:09:00','2020-06-11 06:09:00',18),(176,'K-0071591855737718.jpg','2020-06-11 06:09:00','2020-06-11 06:09:00',18),(177,'K-0081591855737718.jpg','2020-06-11 06:09:00','2020-06-11 06:09:00',18),(178,'K-0011591855841230.jpg','2020-06-11 06:10:43','2020-06-11 06:10:43',19),(179,'K-0021591855841230.jpg','2020-06-11 06:10:43','2020-06-11 06:10:43',19),(180,'K-0031591855841230.jpg','2020-06-11 06:10:43','2020-06-11 06:10:43',19),(181,'K-0041591855841231.jpg','2020-06-11 06:10:43','2020-06-11 06:10:43',19),(182,'K-0051591855841231.jpg','2020-06-11 06:10:43','2020-06-11 06:10:43',19),(183,'K-0061591855841232.jpg','2020-06-11 06:10:43','2020-06-11 06:10:43',19),(184,'K-0071591855841232.jpg','2020-06-11 06:10:43','2020-06-11 06:10:43',19),(185,'K-0081591855841232.jpg','2020-06-11 06:10:43','2020-06-11 06:10:43',19),(186,'K-0091591855841233.jpg','2020-06-11 06:10:43','2020-06-11 06:10:43',19),(187,'K-0011591855921991.jpg','2020-06-11 06:12:30','2020-06-11 06:12:30',20),(188,'K-0021591855921991.jpg','2020-06-11 06:12:30','2020-06-11 06:12:30',20),(189,'K-0031591855921992.jpg','2020-06-11 06:12:30','2020-06-11 06:12:30',20),(190,'K-0041591855921992.jpg','2020-06-11 06:12:30','2020-06-11 06:12:30',20),(191,'K-0051591855921993.jpg','2020-06-11 06:12:30','2020-06-11 06:12:30',20),(192,'K-0061591855921993.jpg','2020-06-11 06:12:30','2020-06-11 06:12:30',20),(193,'K-0071591855921994.jpg','2020-06-11 06:12:30','2020-06-11 06:12:30',20),(194,'K-0081591855921994.jpg','2020-06-11 06:12:30','2020-06-11 06:12:30',20),(195,'K-0091591855921994.jpg','2020-06-11 06:12:30','2020-06-11 06:12:30',20),(196,'K-0101591855921995.jpg','2020-06-11 06:12:30','2020-06-11 06:12:30',20),(197,'K-0111591855921995.jpg','2020-06-11 06:12:30','2020-06-11 06:12:30',20),(198,'K-0011591856049391.jpg','2020-06-11 06:14:12','2020-06-11 06:14:12',21),(199,'K-0021591856049392.jpg','2020-06-11 06:14:12','2020-06-11 06:14:12',21),(200,'K-0031591856049392.jpg','2020-06-11 06:14:12','2020-06-11 06:14:12',21),(201,'K-0041591856049392.jpg','2020-06-11 06:14:12','2020-06-11 06:14:12',21),(202,'K-0051591856049393.jpg','2020-06-11 06:14:12','2020-06-11 06:14:12',21),(203,'K-0061591856049393.jpg','2020-06-11 06:14:12','2020-06-11 06:14:12',21),(204,'K-0071591856049394.jpg','2020-06-11 06:14:12','2020-06-11 06:14:12',21),(205,'K-0081591856049394.jpg','2020-06-11 06:14:12','2020-06-11 06:14:12',21),(206,'K-0091591856049395.jpg','2020-06-11 06:14:12','2020-06-11 06:14:12',21),(207,'K-0101591856049395.jpg','2020-06-11 06:14:12','2020-06-11 06:14:12',21),(208,'K-0111591856049396.jpg','2020-06-11 06:14:12','2020-06-11 06:14:12',21),(209,'K-0121591856049396.jpg','2020-06-11 06:14:12','2020-06-11 06:14:12',21),(210,'K-0131591856049397.jpg','2020-06-11 06:14:12','2020-06-11 06:14:12',21),(211,'K-0141591856049397.jpg','2020-06-11 06:14:12','2020-06-11 06:14:12',21),(212,'K-0011591856181238.jpg','2020-06-11 06:16:24','2020-06-11 06:16:24',22),(213,'K-0021591856181238.jpg','2020-06-11 06:16:24','2020-06-11 06:16:24',22),(214,'K-0031591856181240.jpg','2020-06-11 06:16:24','2020-06-11 06:16:24',22),(215,'K-0041591856181241.jpg','2020-06-11 06:16:24','2020-06-11 06:16:24',22),(216,'K-0051591856181242.jpg','2020-06-11 06:16:24','2020-06-11 06:16:24',22),(217,'K-0061591856181242.jpg','2020-06-11 06:16:24','2020-06-11 06:16:24',22),(218,'K-0071591856181243.jpg','2020-06-11 06:16:24','2020-06-11 06:16:24',22),(219,'K-0081591856181244.jpg','2020-06-11 06:16:24','2020-06-11 06:16:24',22),(220,'K-0091591856181244.jpg','2020-06-11 06:16:24','2020-06-11 06:16:24',22),(221,'K-0101591856181245.jpg','2020-06-11 06:16:24','2020-06-11 06:16:24',22),(222,'K-0111591856181245.jpg','2020-06-11 06:16:24','2020-06-11 06:16:24',22),(223,'K-0121591856181246.jpg','2020-06-11 06:16:24','2020-06-11 06:16:24',22),(224,'K-0131591856181246.jpg','2020-06-11 06:16:24','2020-06-11 06:16:24',22),(225,'K-0141591856181246.jpg','2020-06-11 06:16:24','2020-06-11 06:16:24',22),(226,'K-0011591856245933.jpg','2020-06-11 06:17:30','2020-06-11 06:17:30',23),(227,'K-0021591856245934.jpg','2020-06-11 06:17:30','2020-06-11 06:17:30',23),(228,'K-0031591856245934.jpg','2020-06-11 06:17:30','2020-06-11 06:17:30',23),(229,'K-0041591856245935.jpg','2020-06-11 06:17:30','2020-06-11 06:17:30',23),(230,'K-0051591856245935.jpg','2020-06-11 06:17:30','2020-06-11 06:17:30',23),(231,'K-0061591856245936.jpg','2020-06-11 06:17:30','2020-06-11 06:17:30',23),(232,'K-0071591856245936.jpg','2020-06-11 06:17:30','2020-06-11 06:17:30',23),(233,'K-0081591856245937.jpg','2020-06-11 06:17:30','2020-06-11 06:17:30',23),(234,'K-0091591856245937.jpg','2020-06-11 06:17:30','2020-06-11 06:17:30',23),(235,'K-0101591856245937.jpg','2020-06-11 06:17:30','2020-06-11 06:17:30',23),(236,'K-0011591856325795.jpg','2020-06-11 06:18:51','2020-06-11 06:18:51',24),(237,'K-0021591856325795.jpg','2020-06-11 06:18:51','2020-06-11 06:18:51',24),(238,'K-0031591856325796.jpg','2020-06-11 06:18:51','2020-06-11 06:18:51',24),(239,'K-0041591856325796.jpg','2020-06-11 06:18:51','2020-06-11 06:18:51',24),(240,'K-0051591856325796.jpg','2020-06-11 06:18:51','2020-06-11 06:18:51',24),(241,'K-0061591856325797.jpg','2020-06-11 06:18:51','2020-06-11 06:18:51',24),(242,'K-0071591856325797.jpg','2020-06-11 06:18:51','2020-06-11 06:18:51',24),(243,'K-0081591856325798.jpg','2020-06-11 06:18:51','2020-06-11 06:18:51',24),(244,'K-0091591856325798.jpg','2020-06-11 06:18:51','2020-06-11 06:18:51',24),(245,'K-0011591856445608.jpg','2020-06-11 06:20:46','2020-06-11 06:20:46',25),(246,'K-0021591856445608.jpg','2020-06-11 06:20:46','2020-06-11 06:20:46',25),(247,'K-0031591856445609.jpg','2020-06-11 06:20:46','2020-06-11 06:20:46',25),(248,'K-0041591856445609.jpg','2020-06-11 06:20:46','2020-06-11 06:20:46',25),(249,'K-0051591856445610.jpg','2020-06-11 06:20:46','2020-06-11 06:20:46',25),(250,'K-0061591856445611.jpg','2020-06-11 06:20:46','2020-06-11 06:20:46',25),(251,'K-0071591856445612.jpg','2020-06-11 06:20:46','2020-06-11 06:20:46',25),(252,'K-0081591856445612.jpg','2020-06-11 06:20:46','2020-06-11 06:20:46',25),(253,'K-0091591856445613.jpg','2020-06-11 06:20:46','2020-06-11 06:20:46',25),(254,'K-0101591856445613.jpg','2020-06-11 06:20:46','2020-06-11 06:20:46',25),(255,'K-0111591856445613.jpg','2020-06-11 06:20:46','2020-06-11 06:20:46',25),(256,'circle41647962168153.jpg','2022-03-22 15:16:41','2022-03-22 15:16:41',26),(257,'K-00041647962175211.png','2022-03-22 15:16:41','2022-03-22 15:16:41',26);
/*!40000 ALTER TABLE `Images` ENABLE KEYS */;
UNLOCK TABLES;

--
-- Table structure for table `Restaurants`
--

DROP TABLE IF EXISTS `Restaurants`;
/*!40101 SET @saved_cs_client     = @@character_set_client */;
 SET character_set_client = utf8mb4 ;
CREATE TABLE `Restaurants` (
  `id` int(11) NOT NULL AUTO_INCREMENT,
  `name` varchar(20) CHARACTER SET utf8mb4 COLLATE utf8mb4_general_ci NOT NULL,
  `star` int(11) NOT NULL,
  `foodtype` varchar(20) CHARACTER SET utf8mb4 COLLATE utf8mb4_general_ci NOT NULL,
  `tag` varchar(255) CHARACTER SET utf8mb4 COLLATE utf8mb4_general_ci NOT NULL,
  `createdAt` datetime NOT NULL,
  `updatedAt` datetime NOT NULL,
  PRIMARY KEY (`id`)
) ENGINE=InnoDB AUTO_INCREMENT=27 DEFAULT CHARSET=utf8mb4 COLLATE=utf8mb4_general_ci;
/*!40101 SET character_set_client = @saved_cs_client */;

--
-- Dumping data for table `Restaurants`
--

LOCK TABLES `Restaurants` WRITE;
/*!40000 ALTER TABLE `Restaurants` DISABLE KEYS */;
INSERT INTO `Restaurants` VALUES (1,'코지마',2,'sushi','코지마, sushi, 초밥','2020-06-10 09:09:10','2020-06-10 09:09:10'),(2,'가온',3,'korea','가온, korea, ','2020-06-10 09:44:26','2020-06-10 09:44:26'),(3,'알라 프리마',2,'innovative','알라 프리마, innovative','2020-06-11 04:25:47','2020-06-11 04:25:47'),(4,'라연',3,'korea','라연, korea','2020-06-11 04:34:07','2020-06-11 04:34:07'),(5,'권숙수',2,'korea','권숙수,korea,한식','2020-06-11 04:42:33','2020-06-11 04:42:33'),(6,'모수',2,'innovative','모수, innovative','2020-06-11 04:48:55','2020-06-11 04:48:55'),(7,'밍글스',2,'contemporary','밍글스,contemporary, korea','2020-06-11 05:01:52','2020-06-11 05:01:52'),(8,'임프레션',2,'innovative','임프레션, innovative','2020-06-11 05:10:35','2020-06-11 05:10:35'),(9,'정식당',2,'contemporary','정식당,contemporary,한식','2020-06-11 05:38:45','2020-06-11 05:38:45'),(10,'곳간',1,'korea','곳간,한식,korea','2020-06-11 05:42:45','2020-06-11 05:42:45'),(11,'도사',1,'innovative','도사, innovative','2020-06-11 05:44:36','2020-06-11 05:44:36'),(12,'떼레노',1,'spanish','떼레노, spanish','2020-06-11 05:49:39','2020-06-11 05:49:39'),(13,'묘미',1,'innovative','묘미, innovative','2020-06-11 05:53:21','2020-06-11 05:53:21'),(14,'무오키',1,'innovative','무오키, MUOKI, innovative','2020-06-11 05:57:21','2020-06-11 05:57:21'),(15,'비채나',1,'korea','비채나, korea','2020-06-11 06:00:02','2020-06-11 06:00:02'),(16,'스와니예',1,'innovative','스와니예,  innovative','2020-06-11 06:02:10','2020-06-11 06:02:10'),(17,'스테이',1,'contemporary','스테이,french,contemporary','2020-06-11 06:06:31','2020-06-11 06:06:31'),(18,'에빗',1,'innovative','에빗, innovative','2020-06-11 06:09:00','2020-06-11 06:09:00'),(19,'익스퀴진',1,'innovative','익스퀴진, innovative','2020-06-11 06:10:43','2020-06-11 06:10:43'),(20,'제로 컴플렉스',1,'innovative','제로 컴플렉스, innovative, french','2020-06-11 06:12:30','2020-06-11 06:12:30'),(21,'주옥',1,'contemporary','주옥, contemporary, 한식','2020-06-11 06:14:12','2020-06-11 06:14:12'),(22,'테이블 포 포',1,'contemporary','테이블 포 포, contemporary, european','2020-06-11 06:16:24','2020-06-11 06:16:24'),(23,'품 서울',1,'korea','품, korea','2020-06-11 06:17:30','2020-06-11 06:17:30'),(24,'피에르 가니에르',1,'contemporary','피에르 가니에르, contemporary, french','2020-06-11 06:18:51','2020-06-11 06:18:51'),(25,'한식공간',1,'korea','한식공간, korea','2020-06-11 06:20:46','2020-06-11 06:20:46'),(26,'test1',4,'sushi','#sushi #test11','2022-03-22 15:16:41','2022-03-22 15:16:41');
/*!40000 ALTER TABLE `Restaurants` ENABLE KEYS */;
UNLOCK TABLES;
/*!40103 SET TIME_ZONE=@OLD_TIME_ZONE */;

/*!40101 SET SQL_MODE=@OLD_SQL_MODE */;
/*!40014 SET FOREIGN_KEY_CHECKS=@OLD_FOREIGN_KEY_CHECKS */;
/*!40014 SET UNIQUE_CHECKS=@OLD_UNIQUE_CHECKS */;
/*!40101 SET CHARACTER_SET_CLIENT=@OLD_CHARACTER_SET_CLIENT */;
/*!40101 SET CHARACTER_SET_RESULTS=@OLD_CHARACTER_SET_RESULTS */;
/*!40101 SET COLLATION_CONNECTION=@OLD_COLLATION_CONNECTION */;
/*!40111 SET SQL_NOTES=@OLD_SQL_NOTES */;

-- Dump completed on 2022-03-25 19:37:01
